{"count":1,"self":448.6208512,"total":1327.3793610999999,"children":{"InitializeActuators":{"count":431074,"self":5.0085096,"total":5.0085098,"children":null},"InitializeSensors":{"count":431074,"self":34.845696,"total":139.57835459999998,"children":{"CreateObservableSensors":{"count":431074,"self":104.7326592,"total":104.73265719999999,"children":null}}},"AgentSendState":{"count":17784,"self":38.013135999999996,"total":68.992646499999992,"children":{"CollectObservations":{"count":286566,"self":0.6235803,"total":0.6235803,"children":null},"WriteActionMask":{"count":286566,"self":0.5226007,"total":0.5226007,"children":null},"RequestDecision":{"count":286566,"self":2.7623672,"total":29.8333288,"children":{"AgentInfo.ToProto":{"count":286566,"self":1.410173,"total":27.070961699999998,"children":{"GenerateSensorData":{"count":286566,"self":22.5449968,"total":25.660788699999998,"children":{"RayPerceptionSensor.Perceive":{"count":286566,"self":3.1157917999999998,"total":3.1157917999999998,"children":null}}}}}}}}},"DecideAction":{"count":17784,"self":610.0455936,"total":610.0456006,"children":null},"AgentAct":{"count":17784,"self":6.8190976,"total":6.8190972,"children":null},"AgentInfo.ToProto":{"count":430991,"self":3.0419,"total":48.313325,"children":{"GenerateSensorData":{"count":430991,"self":39.989536,"total":45.271425099999995,"children":{"RayPerceptionSensor.Perceive":{"count":430991,"self":5.2818904,"total":5.2818903,"children":null}}}}}},"gauges":{"Agent.CumulativeReward":{"count":428298,"max":-0.05,"min":-94.16914,"runningAverage":-0.148636416,"value":-0.1,"weightedAverage":-0.0789454356}},"metadata":{"timer_format_version":"0.1.0","start_time_seconds":"1667757570","unity_version":"2020.3.24f1","command_line_arguments":"G:\\2020.3.24f1\\Editor\\Unity.exe -projectpath G:\\Top Down Shooter Academy ML-Agent -useHub -hubIPC -cloudEnvironment production -licensingIpc LicenseClient-nikmi -hubSessionId 555d2a90-526f-11ed-83e3-399433a65563","communication_protocol_version":"1.5.0","com.unity.ml-agents_version":"2.2.1-exp.1","scene_name":"Academy","end_time_seconds":"1667758897"}}