{"count":1,"self":590.78584319999993,"total":2531.4873331,"children":{"InitializeActuators":{"count":846,"self":0.013998799999999999,"total":0.013998799999999999,"children":null},"InitializeSensors":{"count":846,"self":0.0910154,"total":0.2800781,"children":{"CreateObservableSensors":{"count":846,"self":0.1890627,"total":0.1890627,"children":null}}},"AgentSendState":{"count":1004667,"self":151.7296512,"total":272.0594165,"children":{"UpdateModelSpacePoses":{"count":803736,"self":4.3551079999999995,"total":4.3551079999999995,"children":null},"UpdateLocalSpacePoses":{"count":803736,"self":1.9705755999999999,"total":1.9705757,"children":null},"CollectObservations":{"count":803736,"self":1.5370937999999998,"total":1.5370937999999998,"children":null},"WriteActionMask":{"count":803736,"self":1.3291674,"total":1.3291674,"children":null},"RequestDecision":{"count":803736,"self":5.68196,"total":111.1378261,"children":{"AgentInfo.ToProto":{"count":803736,"self":4.4538024,"total":105.45586589999999,"children":{"GenerateSensorData":{"count":803736,"self":88.0140928,"total":101.0020637,"children":{"RayPerceptionSensor.Perceive":{"count":803736,"self":12.987968799999999,"total":12.9879689,"children":null}}}}}}}}},"DecideAction":{"count":1004667,"self":1650.5280512,"total":1650.5280074999998,"children":null},"AgentAct":{"count":1004667,"self":17.689051199999998,"total":17.689051799999998,"children":null},"UpdateModelSpacePoses":{"count":842,"self":0.0070057999999999995,"total":0.0070057999999999995,"children":null},"UpdateLocalSpacePoses":{"count":842,"self":0.0060035,"total":0.0060035,"children":null},"AgentInfo.ToProto":{"count":842,"self":0.0060033,"total":0.1159524,"children":{"GenerateSensorData":{"count":842,"self":0.0969507,"total":0.1099491,"children":{"RayPerceptionSensor.Perceive":{"count":842,"self":0.0129984,"total":0.0129984,"children":null}}}}}},"gauges":{"Knight.CumulativeReward":{"count":842,"max":0,"min":0,"runningAverage":0,"value":0,"weightedAverage":0}},"metadata":{"timer_format_version":"0.1.0","start_time_seconds":"1671017194","unity_version":"2020.3.24f1","command_line_arguments":"G:\\2020.3.24f1\\Editor\\Unity.exe -projectpath G:\\Top Down Shooter Academy ML-Agent -useHub -hubIPC -cloudEnvironment production -licensingIpc LicenseClient-nikmi -hubSessionId a2af2770-7917-11ed-9a81-c331cbc0fd70 -accessToken t0SeNQXlohhHnRW9FSkN08BaCAET-S-QlGt2XPXbt4E009f","communication_protocol_version":"1.5.0","com.unity.ml-agents_version":"2.2.1-exp.1","scene_name":"Attack Knight","end_time_seconds":"1671019726"}}