{"count":1,"self":1477.3874687999999,"total":7116.3994929,"children":{"InitializeActuators":{"count":4957,"self":0.0730289,"total":0.0730289,"children":null},"InitializeSensors":{"count":4957,"self":0.66460259999999993,"total":2.0583009999999997,"children":{"CreateObservableSensors":{"count":4957,"self":1.3936984,"total":1.3936984,"children":null}}},"AgentSendState":{"count":1921034,"self":325.96956159999996,"total":575.9671847,"children":{"UpdateModelSpacePoses":{"count":1536880,"self":9.2689568,"total":9.2689565,"children":null},"UpdateLocalSpacePoses":{"count":1536880,"self":4.1545688,"total":4.1545689,"children":null},"CollectObservations":{"count":1536880,"self":3.1601448,"total":3.1601448999999997,"children":null},"WriteActionMask":{"count":1536880,"self":2.7279564,"total":2.7279564,"children":null},"RequestDecision":{"count":1536880,"self":12.1064784,"total":230.68600899999998,"children":{"AgentInfo.ToProto":{"count":1536880,"self":9.2602456,"total":218.5795307,"children":{"GenerateSensorData":{"count":1536880,"self":183.5904128,"total":209.3192848,"children":{"RayPerceptionSensor.Perceive":{"count":1536880,"self":25.7288784,"total":25.7288781,"children":null}}}}}}}}},"DecideAction":{"count":1921034,"self":5020.923904,"total":5020.9238304,"children":null},"AgentAct":{"count":1921034,"self":39.088780799999995,"total":39.08878,"children":null},"UpdateModelSpacePoses":{"count":4953,"self":0.043474399999999996,"total":0.043474399999999996,"children":null},"UpdateLocalSpacePoses":{"count":4953,"self":0.009497799999999999,"total":0.009497799999999999,"children":null},"AgentInfo.ToProto":{"count":4953,"self":0.0565221,"total":0.8443565,"children":{"GenerateSensorData":{"count":4953,"self":0.6838128,"total":0.78783439999999993,"children":{"RayPerceptionSensor.Perceive":{"count":4953,"self":0.10402159999999999,"total":0.10402159999999999,"children":null}}}}}},"gauges":{"Mage.CumulativeReward":{"count":4953,"max":0,"min":0,"runningAverage":0,"value":0,"weightedAverage":0}},"metadata":{"timer_format_version":"0.1.0","start_time_seconds":"1671007692","unity_version":"2020.3.24f1","command_line_arguments":"G:\\2020.3.24f1\\Editor\\Unity.exe -projectpath G:\\Top Down Shooter Academy ML-Agent -useHub -hubIPC -cloudEnvironment production -licensingIpc LicenseClient-nikmi -hubSessionId a2af2770-7917-11ed-9a81-c331cbc0fd70 -accessToken t0SeNQXlohhHnRW9FSkN08BaCAET-S-QlGt2XPXbt4E009f","communication_protocol_version":"1.5.0","com.unity.ml-agents_version":"2.2.1-exp.1","scene_name":"Attack Mage","end_time_seconds":"1671014808"}}