{"count":1,"self":686.8711936,"total":7635.1849305999995,"children":{"InitializeActuators":{"count":20806,"self":0.36898519999999996,"total":0.36898519999999996,"children":null},"InitializeSensors":{"count":20806,"self":2.09038,"total":6.2817608,"children":{"CreateObservableSensors":{"count":20806,"self":4.1913808,"total":4.1913808999999995,"children":null}}},"AgentSendState":{"count":806551,"self":697.87392,"total":1302.5647096,"children":{"UpdateModelSpacePoses":{"count":3392973,"self":16.8885984,"total":16.8885984,"children":null},"UpdateLocalSpacePoses":{"count":3392973,"self":8.2734288,"total":8.2734287,"children":null},"CollectObservations":{"count":3392973,"self":5.88288,"total":5.8828800999999995,"children":null},"WriteActionMask":{"count":3392973,"self":5.5467908,"total":5.5467908999999995,"children":null},"RequestDecision":{"count":3392973,"self":22.8922144,"total":568.0990978,"children":{"AgentInfo.ToProto":{"count":3392973,"self":16.658913599999998,"total":545.2068826,"children":{"GenerateSensorData":{"count":3392973,"self":456.50657279999996,"total":528.5479696,"children":{"RayPerceptionSensor.Perceive":{"count":3392973,"self":72.0413888,"total":72.0413861,"children":null}}}}}}}}},"DecideAction":{"count":806551,"self":5579.7981184,"total":5579.7979857,"children":null},"AgentAct":{"count":806551,"self":55.1110912,"total":55.1110907,"children":null},"UpdateModelSpacePoses":{"count":20788,"self":0.1989522,"total":0.1989522,"children":null},"UpdateLocalSpacePoses":{"count":20788,"self":0.0727671,"total":0.0727671,"children":null},"AgentInfo.ToProto":{"count":20788,"self":0.2042669,"total":3.9124795999999997,"children":{"GenerateSensorData":{"count":20788,"self":3.2808344,"total":3.7082127,"children":{"RayPerceptionSensor.Perceive":{"count":20788,"self":0.4273783,"total":0.4273783,"children":null}}}}}},"gauges":{"Mage.CumulativeReward":{"count":7549,"max":-29.0479927,"min":-2981.10474,"runningAverage":-781.350952,"value":-1499.47424,"weightedAverage":-964.1888},"Knight.CumulativeReward":{"count":1963,"max":-11.042,"min":-4969.707,"runningAverage":-538.4998,"value":-390.813721,"weightedAverage":-467.4638},"Red Knight.CumulativeReward":{"count":2355,"max":-67.17394,"min":-4990.7583,"runningAverage":-349.252441,"value":-416.7856,"weightedAverage":-374.000031},"Red Mage.CumulativeReward":{"count":7503,"max":-33.05599,"min":-4790.605,"runningAverage":-371.462372,"value":-370.7333,"weightedAverage":-327.803436}},"metadata":{"timer_format_version":"0.1.0","start_time_seconds":"1671754966","unity_version":"2020.3.24f1","command_line_arguments":"G:\\2020.3.24f1\\Editor\\Unity.exe -projectpath G:\\Top Down Shooter Academy ML-Agent -useHub -hubIPC -cloudEnvironment production -licensingIpc LicenseClient-nikmi -hubSessionId 881721f0-7fbc-11ed-9917-35c677a04e40 -accessToken RL3mazwlrx7Tdqo5D2cq1EzhC6HN4uEkKqZhyRbs8nQ009f","communication_protocol_version":"1.5.0","com.unity.ml-agents_version":"2.2.1-exp.1","scene_name":"Duel","end_time_seconds":"1671762601"}}