{"count":1,"self":188.45447679999998,"total":1267.393002,"children":{"InitializeActuators":{"count":19136,"self":0.22692009999999999,"total":0.22692009999999999,"children":null},"InitializeSensors":{"count":19136,"self":0.59349489999999994,"total":4.8013084,"children":{"CreateObservableSensors":{"count":19136,"self":4.2078136,"total":4.2078134999999994,"children":null}}},"AgentSendState":{"count":234551,"self":89.7967424,"total":129.8676465,"children":{"CollectObservations":{"count":912073,"self":1.2679487,"total":1.2679487,"children":null},"WriteActionMask":{"count":912073,"self":1.4698064,"total":1.4698064,"children":null},"RequestDecision":{"count":912073,"self":4.8698983999999994,"total":37.333151099999995,"children":{"AgentInfo.ToProto":{"count":912073,"self":4.1662964,"total":32.4632526,"children":{"GenerateSensorData":{"count":912073,"self":19.4941824,"total":28.2969562,"children":{"RayPerceptionSensor.Perceive":{"count":912073,"self":8.8027728,"total":8.8027731,"children":null}}}}}}}}},"DecideAction":{"count":234551,"self":931.78368,"total":931.7836512,"children":null},"AgentAct":{"count":234551,"self":11.305232,"total":11.3052321,"children":null},"AgentInfo.ToProto":{"count":19118,"self":0.17755469999999998,"total":0.9527662,"children":{"GenerateSensorData":{"count":19118,"self":0.5821704,"total":0.77521149999999994,"children":{"RayPerceptionSensor.Perceive":{"count":19118,"self":0.1930411,"total":0.1930411,"children":null}}}}}},"gauges":{"Agent.CumulativeReward":{"count":6257,"max":-12.4350252,"min":-159.834961,"runningAverage":-30.4926453,"value":-45.7547836,"weightedAverage":-33.00614}},"metadata":{"timer_format_version":"0.1.0","start_time_seconds":"1658632219","unity_version":"2020.3.24f1","command_line_arguments":"G:\\2020.3.24f1\\Editor\\Unity.exe -projectpath G:\\Top Down Shooter Academy ML-Agent -useHub -hubIPC -cloudEnvironment production -licensingIpc LicenseClient-nikmi -hubSessionId 5a424aa0-0aac-11ed-bb23-2b1410e22eaf -accessToken uvzNJPqVXT30COkZQN0-33LD5mhpw5MKdhzHRt7xGes009f","communication_protocol_version":"1.5.0","com.unity.ml-agents_version":"2.2.1-exp.1","scene_name":"Mage Vs Mage","end_time_seconds":"1658633486"}}