{"count":1,"self":544.1902592,"total":2189.7973509999997,"children":{"InitializeActuators":{"count":2063,"self":0.0228866,"total":0.0228866,"children":null},"InitializeSensors":{"count":2063,"self":0.26204689999999997,"total":0.7256538,"children":{"CreateObservableSensors":{"count":2063,"self":0.4636069,"total":0.4636069,"children":null}}},"AgentSendState":{"count":784234,"self":96.7943296,"total":189.7117496,"children":{"UpdateModelSpacePoses":{"count":627408,"self":3.3653268,"total":3.3653268,"children":null},"UpdateLocalSpacePoses":{"count":627408,"self":1.5066511999999999,"total":1.5066511999999999,"children":null},"CollectObservations":{"count":627408,"self":1.146901,"total":1.146901,"children":null},"WriteActionMask":{"count":627408,"self":1.0054403,"total":1.0054403,"children":null},"RequestDecision":{"count":627408,"self":4.4397091999999994,"total":85.8930975,"children":{"AgentInfo.ToProto":{"count":627408,"self":3.4045859999999997,"total":81.453388199999992,"children":{"GenerateSensorData":{"count":627408,"self":68.276096,"total":78.0488021,"children":{"RayPerceptionSensor.Perceive":{"count":627408,"self":9.7727072,"total":9.7727072,"children":null}}}}}}}}},"DecideAction":{"count":784234,"self":1442.3481344,"total":1442.3481067,"children":null},"AgentAct":{"count":784234,"self":12.4332888,"total":12.4332891,"children":null},"UpdateModelSpacePoses":{"count":2059,"self":0.0059987999999999994,"total":0.0059987999999999994,"children":null},"UpdateLocalSpacePoses":{"count":2059,"self":0.012996899999999999,"total":0.012996899999999999,"children":null},"AgentInfo.ToProto":{"count":2059,"self":0.0150049,"total":0.34641089999999997,"children":{"GenerateSensorData":{"count":2059,"self":0.2944237,"total":0.331406,"children":{"RayPerceptionSensor.Perceive":{"count":2059,"self":0.036982299999999996,"total":0.036982299999999996,"children":null}}}}}},"gauges":{"Mage.CumulativeReward":{"count":2059,"max":0,"min":0,"runningAverage":0,"value":0,"weightedAverage":0}},"metadata":{"timer_format_version":"0.1.0","start_time_seconds":"1670662737","unity_version":"2020.3.24f1","command_line_arguments":"G:\\2020.3.24f1\\Editor\\Unity.exe -projectpath G:\\Top Down Shooter Academy ML-Agent -useHub -hubIPC -cloudEnvironment production -licensingIpc LicenseClient-nikmi -hubSessionId 4f9c3260-7383-11ed-8f4c-fbe0fb35bea4 -accessToken gmDhthOL9CF1SUvmbvDCyJTzUwZNIFLByjdD0tkggA0009f","communication_protocol_version":"1.5.0","com.unity.ml-agents_version":"2.2.1-exp.1","scene_name":"Movment Mage","end_time_seconds":"1670664927"}}