{"count":1,"self":1000.2149376,"total":6391.7189442,"children":{"InitializeActuators":{"count":7956,"self":0.181166,"total":0.181166,"children":null},"InitializeSensors":{"count":7956,"self":0.92593529999999991,"total":2.7736853999999997,"children":{"CreateObservableSensors":{"count":7956,"self":1.84775,"total":1.8477500999999998,"children":null}}},"AgentSendState":{"count":1295367,"self":385.61031679999996,"total":768.66596269999991,"children":{"UpdateModelSpacePoses":{"count":2072712,"self":10.2793368,"total":10.2793365,"children":null},"UpdateLocalSpacePoses":{"count":2072712,"self":4.9404612,"total":4.9404610999999994,"children":null},"CollectObservations":{"count":2072712,"self":3.6868347999999997,"total":3.6868347999999997,"children":null},"WriteActionMask":{"count":2072712,"self":3.3284544,"total":3.3284545,"children":null},"RequestDecision":{"count":2072712,"self":14.6575808,"total":360.82055579999997,"children":{"AgentInfo.ToProto":{"count":2072712,"self":11.0445888,"total":346.16297529999997,"children":{"GenerateSensorData":{"count":2072712,"self":287.7839616,"total":335.1183868,"children":{"RayPerceptionSensor.Perceive":{"count":2072712,"self":47.3344224,"total":47.334423199999996,"children":null}}}}}}}}},"DecideAction":{"count":1295367,"self":4581.7614336,"total":4581.7615712,"children":null},"AgentAct":{"count":1295367,"self":36.5204032,"total":36.520402499999996,"children":null},"UpdateModelSpacePoses":{"count":7948,"self":0.0579847,"total":0.0579847,"children":null},"UpdateLocalSpacePoses":{"count":7948,"self":0.038974499999999995,"total":0.038974499999999995,"children":null},"AgentInfo.ToProto":{"count":7948,"self":0.0795106,"total":1.5032539,"children":{"GenerateSensorData":{"count":7948,"self":1.2392398999999998,"total":1.4237433,"children":{"RayPerceptionSensor.Perceive":{"count":7948,"self":0.18450339999999998,"total":0.18450339999999998,"children":null}}}}}},"gauges":{"Mage.CumulativeReward":{"count":4325,"max":0,"min":0,"runningAverage":0,"value":0,"weightedAverage":0},"Knight.CumulativeReward":{"count":3623,"max":0,"min":0,"runningAverage":0,"value":0,"weightedAverage":0}},"metadata":{"timer_format_version":"0.1.0","start_time_seconds":"1671204591","unity_version":"2020.3.24f1","command_line_arguments":"G:\\2020.3.24f1\\Editor\\Unity.exe -projectpath G:\\Top Down Shooter Academy ML-Agent -useHub -hubIPC -cloudEnvironment production -licensingIpc LicenseClient-nikmi -hubSessionId a2af2770-7917-11ed-9a81-c331cbc0fd70 -accessToken t0SeNQXlohhHnRW9FSkN08BaCAET-S-QlGt2XPXbt4E009f","communication_protocol_version":"1.5.0","com.unity.ml-agents_version":"2.2.1-exp.1","scene_name":"Movment Knight","end_time_seconds":"1671210983"}}